#SampleID,mean,std
g__Stenotrophomonas,0.008532751906796783,0.07017161080060615
g__Bacteriovorax,1.7970619731015735e-05,0.00027149731579471047
g__Idiomarina,1.874839092151146e-06,0.00013247991053328987
g__Eubacterium,2.4760810022583427e-06,0.0001676939459025808
g__Methylobacillus,2.339224266420961e-05,0.0007105820741147527
g__Larkinella,3.146774894763337e-06,0.00021944218825845912
g__Fonticella,2.706788609726807e-06,0.00014608457009545825
g__Klebsiella,0.0011154211042747407,0.02355615752294104
g__Merdibacter,2.643368104563896e-06,8.390110100650367e-05
g__Fibrobacter,2.107849523752063e-06,0.00012497893744555492
g__SH3-11,7.124371431781794e-06,0.00038839715103466184
g__Moheibacter,7.78451502903106e-06,0.0005497670006106035
g__Filifactor,0.00023940157844790671,0.002020662930438874
g__Azoarcus,1.5129242544188392e-06,0.00017048498913934507
g__Fimbriimonadaceae,2.3335436228817113e-05,0.0007631612737694916
g__Rikenella,4.985724600718586e-06,0.00045078546485602475
g__Brochothrix,0.00010834076996950964,0.003921760156726032
g__Labrys,2.8334677182042748e-06,9.955974481882822e-05
g__Candidatus_Soleaferrea,2.229010380071915e-06,9.26716560979343e-05
g__Aliidiomarina,8.443575381567502e-06,0.0004548385231250639
g__Ottowia,6.487575159780247e-06,0.0002831933293355787
g__Abiotrophia,0.0008167148789834987,0.010376774655873108
g__Prevotellaceae_UCG-004,2.6649237105827306e-06,0.00014913672442550595
g__Paraprevotella,2.0087160520886018e-05,0.0006596142275774916
g__Sporosarcina,1.5247152904574396e-05,0.0007488257940858362
g__Streptobacillus,0.0007599649392563303,0.008090603781978043
g__CL500-29_marine_group,2.6172203007419946e-05,0.0011184175577284754
g__Cavicella,2.3644280544591453e-06,0.00021314694267308696
g__Defluviitaleaceae_UCG-011,3.311674769553798e-05,0.00035170457535085457
g__Sandaracinus,3.4055766624857563e-06,0.0001353976891141558
g__Methylophilus,7.826181082494815e-05,0.0015055219078973234
g__Weissella,0.000144026229460478,0.006179292557761164
g__Atopobium,0.0024521025372719342,0.011433695437942265
g__Gemmobacter,1.808615739163702e-06,8.343524407462952e-05
g__Anaerococcus,0.0027281109101639717,0.01635146241205319
g__Butyrivibrio,0.0001514931631540404,0.0009580773662610202
g__Chitinophaga,0.00025538884275741567,0.00354900576974585
g__Microbacterium,0.00016028418317629386,0.006923351082302032
g__Leifsonia,2.5636622250099655e-05,0.001076817292426882
g__[Eubacterium]_eligens_group,3.218484732941987e-05,0.0012627039478183362
g__Gallicola,2.8524445737181387e-05,0.003713400794377125
g__Taibaiella,4.76010346260523e-06,0.0002494526678941716
g__Prevotellaceae_UCG-003,1.0781606845925096e-05,0.00037910150668982737
g__Proteiniclasticum,4.321281569033689e-06,0.0001973015896408992
g__Jatrophihabitans,7.120908488185244e-06,0.00024101297586673532
g__Senegalimassilia,2.894005882529823e-06,0.00023807069279323592
g__Frisingicoccus,4.988265430322225e-06,0.00016075882281644372
g__Cellvibrio,4.8634608076655864e-05,0.003232610028354514
g__SAR324_clade(Marine_group_B),1.0596138777077278e-05,0.0004664395805169414
g__Sanguibacter,4.9050639743696645e-06,0.00044203097231769066
g__JGI_0001001-H03,2.2678085072811164e-06,0.00015640058167399603
g__Negativibacillus,1.547429019742576e-05,0.0003393334647412872
g__Candidatus_Arthromitus,1.420220097723683e-05,0.002245476326512106
g__Phreatobacter,3.879339697647371e-05,0.0006938825113792835
g__Saccharopolyspora,1.1274404289907202e-05,0.0009455420615513609
g__Candidatus_Protochlamydia,2.3933303331366415e-06,0.00014809272263728186
g__Cellulomonas,2.8737222068987232e-05,0.0012351693271148358
g__Georgenia,1.8159310034096957e-05,0.0008458192404575297
g__Dorea,5.650441779861442e-05,0.0009798165324725544
g__UCG-003,8.509402025809862e-06,0.00037068169838754656
g__Acholeplasma,3.0190247194113873e-05,0.0006731334035965787
g__Bifidobacterium,0.001159254874805895,0.01171863936540021
g__Cytophaga,2.2533258281971615e-05,0.0012048513682801963
g__F0332,7.196553372991597e-05,0.0009753099145456641
g__Planctomicrobium,2.5450357762948503e-05,0.0017871691654018878
g__Schlegelella,0.0007264892756600322,0.011644950503985892
g__Actinomycetospora,1.1753822508014776e-05,0.0003887776420728229
g__Asticcacaulis,1.8055947396121873e-05,0.0003082006714207818
g__Lactococcus,0.0010208054153672264,0.014530202036700829
g__Pseudoalteromonas,0.00011627384594290506,0.004553690127379289
g__Fenollaria,7.739536440552801e-05,0.0018685783085425755
g__Amnibacterium,4.074360691831976e-06,0.00031895209893055093
g__Thermomonas,2.6031098954342572e-05,0.0009627186389746026
g__Methyloversatilis,0.00011151494097720519,0.001976154615705667
g__Solitalea,8.417862461437582e-06,0.0015993265328626738
g__Flaviaesturariibacter,2.0292296301435125e-06,0.00011505675690019502
g__Domibacillus,5.805284397920107e-06,0.0005849476399603867
g__Sphingobacterium,0.0001351858473278999,0.002976151432758758
g__Absconditabacteriales_(SR1),0.0006330606341492403,0.004700274862699687
g__Cobetia,2.552930484476594e-06,0.0001854605103365879
g__Chryseolinea,3.960294184124222e-06,0.0003096915292038001
g__Inquilinus,3.3297438223711255e-05,0.004785650387324745
g__Prevotella,0.07221853912806006,0.12499553907785396
g__Methyloligellaceae,1.3166604974098955e-06,6.415320400769718e-05
g__Abditibacterium,9.502618024090852e-06,0.00047756787601501745
g__Actinobacillus,0.003132481229878332,0.021732403265508175
g__UCG-004,1.1292480353389883e-05,0.0006731060259595133
g__Candidatus_Stoquefichus,4.122552460037332e-06,0.0005101369279627065
g__Bacillus,0.003314243770916408,0.030567630037040387
g__Micrococcus,0.0006244677969248858,0.00841829695680868
g__Citrobacter,3.418931238742622e-05,0.002869718105103637
g__Propionibacterium,1.5666927380545457e-05,0.0006014316732609946
g__Curtobacterium,2.6361825865219294e-05,0.00314258160306221
g__Shuttleworthia,0.00012508058654248867,0.0030379127362207114
g__Cetobacterium,1.280114685069134e-05,0.001928617854347011
g__Pseudorhodoplanes,2.7772951440914946e-06,0.00011585979738158916
g__Polynucleobacter,8.962454043628213e-05,0.0018400520057297006
g__Roseisolibacter,1.9127621496717204e-05,0.0007305490861811027
g__Aeromicrobium,1.6007515273812575e-05,0.00045194036519901823
g__Succinivibrionaceae_UCG-001,1.0904875094617342e-05,0.0012654641643167974
g__Holdemania,2.233522181847472e-06,7.850220639948069e-05
g__Prevotellaceae_UCG-001,5.845932198785409e-05,0.0020484495603589727
g__CAG-56,5.94111650792403e-06,0.00015781555552031503
g__Jeotgalibaca,5.4995309582232435e-06,0.0003625931519829586
g__Sulfuritalea,6.701158743383392e-06,0.0002687701832578494
g__Craurococcus-Caldovatus,2.8260418039685002e-05,0.0010202618671927702
g__Lawsonella,0.0024872629413859792,0.01864117018553095
g__Arcticibacter,3.1950596672605e-06,0.00022528546701945144
g__[Eubacterium]_saphenum_group,3.725620217392661e-05,0.00039474128426610625
g__Geothrix,2.4444578201560272e-06,0.00012736428253059292
g__Sulfurifustis,1.6786125493697017e-06,0.00010953392705094
g__Dyadobacter,1.804075221550407e-05,0.0005789368211628485
g__Alcanivorax,2.9867494304022997e-05,0.001099618896709513
g__Ornithinimicrobium,2.016622012026887e-05,0.00046986491055197547
g__Ureaplasma,0.0017252119326098831,0.0359051535706001
g__Undibacterium,0.00030081778099919423,0.00778754165591584
g__Cardiobacterium,0.00011305201314592543,0.001267175788815532
g__Empedobacter,4.753461206753342e-05,0.0014484367365946201
g__Chthonomonas,2.484054940526545e-06,0.00014267010401241374
g__Lachnospiraceae_UCG-001,2.2966815607046056e-05,0.0007417173210888137
g__Perlucidibaca,3.7316759435844666e-06,0.00025901102251607463
g__Arcobacter,1.0167547128241763e-05,0.00035268610109121223
g__env.OPS_17,0.00010886650841699065,0.002447343745241431
g__Phycicoccus,1.4476383743417488e-06,5.80604481552302e-05
g__Planococcus,4.928394486867046e-06,0.00020061348347485188
g__[Clostridium]_innocuum_group,1.2948647095180395e-05,0.00041332839156665375
g__Mitsuokella,4.430119138504012e-06,0.00014814106141700344
g__Lachnospiraceae_NK3A20_group,8.167296267911627e-06,0.0006744279682925274
g__Catenibacterium,2.5663956536327516e-05,0.0007552802803233059
g__UCG-009,4.153737420371685e-06,9.351345882500255e-05
g__Leuconostoc,0.00037011567625902763,0.009738115318062473
g__Macrococcus,1.3674082179767221e-05,0.0005389912725159491
g__Zavarzinella,5.55910964783786e-06,0.00030242384578546766
g__Rokubacteriales,1.442279789125272e-05,0.0007390431133044456
g__Intestinibacter,1.831863348262903e-05,0.0003945876171772989
g__Propioniciclava,5.321032892904262e-06,0.00030366994411244746
g__Erysipelotrichaceae_UCG-003,3.68533396884905e-05,0.0005975619504276869
g__Rhodococcus,0.0010863230596377938,0.014467539363698321
g__Dolosigranulum,0.0392334351427812,0.1157893855879205
g__Tundrisphaera,8.132324320417747e-06,0.0010604229826038701
g__PLTA13,5.37916427735243e-06,0.00023345519108026593
g__Barnesiella,3.39964738447457e-05,0.001589687852323536
g__[Eubacterium]_ventriosum_group,1.5903636926861994e-05,0.0009778258361599246
g__Buttiauxella,6.476711525434992e-06,0.00030274443982311806
g__RCP2-54,6.93746118361033e-06,0.00037239077296277224
g__Ellin6055,1.2996652453696113e-06,6.392211280336042e-05
g__Lachnospiraceae_NK4B4_group,8.417658829155172e-07,3.923166978438556e-05
g__Veillonellaceae,1.3019486541484085e-05,0.0003441127454939776
g__Hyphomicrobium,3.731815601754608e-05,0.0007607182411997239
g__MB-A2-108,1.4077861574155022e-05,0.000653416875332416
g__1174-901-12,2.156694599409356e-05,0.000742528811376335
g__AB1,1.3943952366599943e-05,0.0006010384742301955
g__Atopostipes,6.324719485889208e-05,0.003899408398920588
g__Pir4_lineage,6.9845909565397165e-06,0.0004065528222559724
g__Lachnospiraceae_FCS020_group,6.160643408865927e-06,0.00013694068496940373
g__Adlercreutzia,2.8740821197310125e-06,8.837171406395716e-05
g__Tepidiphilus,7.826924490516462e-05,0.0023184554692866092
g__Dermacoccus,3.0496196415262087e-05,0.0010409081053279685
g__Clostridioides,1.9479962339146835e-05,0.0022289130672627847
g__Aeriscardovia,8.491129392523985e-06,0.000543684473943265
g__dgA-11_gut_group,2.8485689078552273e-06,0.000191334506170685
g__[Eubacterium]_siraeum_group,2.8067875418262126e-05,0.0008056784265952453
g__Acetitomaculum,3.4121283112963927e-06,0.00014449327107278652
g__Prevotellaceae_Ga6A1_group,1.204186337146347e-05,0.00046972783280286386
g__Jeotgalicoccus,4.745579234111743e-05,0.0014915508874341924
g__KD4-96,4.362635028712385e-05,0.0012597281698005726
g__Acidaminococcus,1.1496808585696678e-05,0.00038428231359109206
g__Macellibacteroides,3.4167477509134844e-06,0.0004091844571229846
g__Vulcaniibacterium,7.779573685191336e-05,0.002199203201469645
g__Prevotellaceae,1.5649399578441577e-06,6.59966937044857e-05
g__OM60(NOR5)_clade,1.1412931574075872e-05,0.0005567976316862884
g__Fastidiosipila,1.993555250731967e-05,0.0007002509965093805
g__RBG-13-54-9,9.177672332845793e-06,0.0004304615100078138
g__alphaI_cluster,1.669818993196854e-06,9.6637503897626e-05
g__Kribbella,2.261400755048738e-06,6.804237362645083e-05
g__Succinivibrio,2.157335979236971e-05,0.0013773242395058536
g__Agrococcus,2.205777298597527e-06,9.459026745436489e-05
g__Tepidisphaeraceae,5.331840532801886e-06,0.0003594556232454019
g__Buchnera,1.3179891177034783e-05,0.0023560472642547483
g__Novosphingobium,0.00036680117921823583,0.007480859137487734
g__Silvanigrella,8.096042377154569e-06,0.0003162891131903321
g__Helicobacter,0.00017345247077479278,0.005897969549847078
g__JG36-TzT-191,6.99276828502521e-06,0.0003292438829434279
g__Rhodopseudomonas,2.6519862700844974e-05,0.0005822023296731164
g__Candidatus_Megaira,3.6383912672783528e-06,0.00018558754545642655
g__Pediococcus,2.024205940139806e-05,0.001807469874796814
g__Tychonema_CCAP_1459-11B,1.2339246457316066e-05,0.001229294005991313
g__Gemella,0.012290934971572265,0.03395213487427465
g__CCD24,3.3630701283788936e-06,0.00011641985802708456
g__Family_XIII_AD3011_group,1.527829048640826e-05,0.00046467675331922365
g__[Cytophaga]_xylanolytica_group,3.552330661947213e-06,0.00018085815509499145
g__Cloacibacterium,0.0008758335659931776,0.012400756746118397
g__Rickettsia,6.410692110961836e-06,0.0004195460796531127
g__DS-100,1.5812795182335666e-06,0.00012488028589454289
g__Clostridium_sensu_stricto_9,4.972100803748573e-06,0.00039196703432488826
g__37-13,1.5194089505145097e-05,0.0008982379586237281
g__Gemmatimonas,2.4236665256358122e-05,0.0006225555626021016
g__GKS98_freshwater_group,1.6706779683421167e-06,8.286334423553477e-05
g__Moraxella,0.1106122474815662,0.2479467883449884
g__Paenisporosarcina,1.1825133052967796e-06,5.438436297117888e-05
g__Zixibacteria,2.187536942087646e-06,0.0001192508129146568
g__Hungatella,7.6221881099864194e-06,0.00023183076463659003
g__Granulicella,6.851578626904817e-06,0.00042800588416784573
g__Aerococcus,7.950828346955168e-05,0.0017530614114345448
g__Candidatus_Peribacteria,1.7395464632650614e-05,0.0007073305941760301
g__Raoultella,2.6558243476876802e-05,0.003520178855447468
g__Candidatus_Nomurabacteria,9.911299907156174e-05,0.002890127214949604
g__Cryptobacterium,1.66444503890746e-05,0.0002464206816417588
g__Promicromonospora,1.283029265756223e-06,4.793308749119165e-05
g__Janthinobacterium,0.0005065279803236287,0.010229772926590072
g__Belnapia,1.2886733204060091e-05,0.0009303522192101668
g__Amnipila,2.3700004583365673e-05,0.00026964520673513606
g__Subgroup_2,0.00010782588240373067,0.002558345040530985
g__Alloscardovia,0.00013094212901812956,0.00207151325590093
g__Singulisphaera,2.473927724816736e-06,0.00020218042265310822
g__Clostridium_sensu_stricto_10,2.516460340482641e-05,0.0010663242698552005
g__Lentimicrobium,0.0001278372454027205,0.001965754931457893
g__Nesterenkonia,1.3966737145134436e-05,0.0004523189613465781
g__Eisenbergiella,8.189938578497197e-06,0.00034917261118726944
g__Pseudoramibacter,1.2381754834427953e-05,0.00033872153135140157
g__DEV114,1.869297523463915e-05,0.0019337380216832881
g__Acidibacter,6.985285808259682e-05,0.001793684838015512
g__Roseococcus,2.9055909895006287e-06,0.00018563730531775662
g__Herpetosiphon,2.439473515030296e-06,0.00023907541484708092
g__Murdochiella,9.538577729027676e-06,0.000259674291370392
g__Subgroup_7,1.4925191771440826e-05,0.0004658245770484531
g__Longivirga,2.7432852540146017e-06,0.00017126034328149805
g__Roseiarcus,7.103596595856178e-06,0.0007836903319558754
g__Rhodoplanes,4.524479970287482e-06,0.00014079548494971787
g__Finegoldia,0.0013669574182000857,0.00947481810615472
g__Candidatus_Finniella,9.726682992251803e-06,0.0005132136151500381
g__Peptoclostridium,6.149617221819566e-06,0.00043535765702138444
g__Desulfobulbus,8.488332317377086e-06,0.00019419720951054128
g__Entotheonellaceae,2.525065110330276e-06,0.00010509453672184537
g__Nubsella,8.03475655973694e-06,0.00043114233988729477
g__Armatimonadales,6.887680499810463e-06,0.00023849203090856692
g__Phocaeicola,6.755105675770317e-05,0.0023371073216302747
g__Pseudochrobactrum,6.375265878076085e-06,0.00031502441054265864
g__Pyramidobacter,3.30088535785756e-05,0.001889826992148647
g__Tropheryma,0.0014803182768225362,0.030662724678005952
g__Alishewanella,2.2023147354006244e-05,0.0008742173727947656
g__Diaphorobacter,0.0002927837134953829,0.0061281988208272825
g__Niabella,1.5229149821698411e-06,9.583508526664553e-05
g__Candidatus_Falkowbacteria,1.289935231985942e-05,0.0006916200703234637
g__Clostridium_sensu_stricto_12,1.982938386714359e-05,0.0006759725781684011
g__Curvibacter,0.00024885843001359333,0.005407908108418717
g__Zoogloea,2.556123928417811e-05,0.0010160709580621546
g__Tolumonas,1.925379350234585e-06,0.00014160265527740165
g__[Agitococcus]_lubricus_group,1.0656670791631789e-05,0.0005991947452878726
g__Mobiluncus,3.1266273139482517e-05,0.001094990339116321
g__Scardovia,0.0002494526312385261,0.004307893690945011
g__Peptoanaerobacter,1.7225891126089307e-05,0.00031656033357140023
g__Gallionella,2.9691648924017786e-06,0.0003213976600274792
g__Asteroleplasma,3.690918987721401e-05,0.0024877685979462594
g__Asinibacterium,0.00010647860452589251,0.006364259764379896
g__Rhodomicrobium,1.8491824656562655e-06,0.00011581343554708678
g__[Eubacterium]_ruminantium_group,1.5547769322171765e-05,0.0006728514524838389
g__Izemoplasmatales,8.922123888103422e-06,0.00038691343909161443
g__Flexilinea,1.129886567180385e-05,0.00040377126216193765
g__Dokdonella,7.515886945191558e-06,0.00041479299016548946
g__Tepidimonas,0.00027910459740742866,0.0066567193523217804
g__Flavitalea,2.2479748858927454e-06,0.0001297153333312717
g__Sphingopyxis,8.888494967126941e-05,0.0017250971626823993
g__Chitinophagaceae,1.7477563577158066e-06,0.0001209591003203784
g__Tissierella,1.1031306538214196e-05,0.0006644772630112769
g__Oscillibacter,5.715752643699853e-05,0.001176865049591729
g__Actinomyces,0.012720578442148583,0.03014742326968936
g__Butyricicoccus,4.268934508769184e-05,0.0007249588003496451
g__Paludicola,2.4669596105923607e-06,7.942051787388831e-05
g__Dubosiella,6.795754977945609e-05,0.0036557656660039066
g__Leptotrichia,0.010775379699950034,0.031504067751133354
g__Anaerofilum,4.936032264980243e-06,0.00018768874076252856
g__Lautropia,0.0012384524939298616,0.010017668052416768
g__TM7x,0.0011591810948605344,0.0059796931514852015
g__Lachnospiraceae_UCG-010,4.630071558244575e-06,9.882287143279261e-05
g__Stomatobaculum,0.0012757905260795115,0.004464415691310246
g__Lactobacillus,0.005488826189801757,0.04209989751222103
g__Coriobacteriaceae_UCG-002,7.138253782635929e-06,0.00026082101447369384
g__Lachnospira,4.43140992585179e-05,0.0009467236421249738
g__Rothia,0.014845793305615312,0.04311952214713616
g__Clostridia_vadinBB60_group,0.00012645792339463144,0.0020173977458042515
g__Obscuribacteraceae,3.661353924054862e-05,0.0014652971687858158
g__Fimbriiglobus,9.136690385740371e-05,0.003830235970282478
g__Limnohabitans,2.527192798055525e-05,0.001589896790078563
g__Sva0081_sediment_group,5.72334613088299e-06,0.0002687151688433682
g__Coxiella,6.766624321347104e-06,0.000349289507783255
g__A4b,5.860760654944328e-05,0.0026863223314192767
g__Latescibacterota,8.288889281322565e-06,0.00029850140398477993
g__SJA-28,2.9538929950928796e-06,0.00013002725369839398
g__Blfdi19,3.0476012963742453e-06,0.00015995569639213998
g__SJA-15,1.8810663799265327e-06,9.576493952729342e-05
g__11-24,1.3064538919822153e-05,0.0009685339738112887
g__Candidatus_Koribacter,5.936096932695195e-06,0.00022626146828640537
g__Haliangium,3.7073147648733404e-05,0.0006808257989895226
g__UBA1819,1.1977306929117548e-05,0.000293986817193318
g__Bathyarchaeia,8.108269274663837e-06,0.00036417507549882106
g__Faecalibaculum,5.601702968786065e-05,0.001515118691408958
g__Burkholderia-Caballeronia-Paraburkholderia,0.0038885193404668414,0.041418593542976376
g__Candidatus_Woesebacteria,6.493290070450969e-06,0.0003283891732190645
g__Christensenellaceae_R-7_group,9.399255567945945e-05,0.0022095592752387604
g__Turneriella,4.220616541400029e-05,0.0014003688200445368
g__Capnocytophaga,0.003528425771595389,0.016425915538389863
g__Parcubacteria,0.0001035488980856911,0.0016734441592307619
g__Porphyromonas,0.010434790702490149,0.03102530578891948
g__SBR1031,1.2239419512842858e-05,0.0003822345149152262
g__Faecalitalea,1.1441173087325457e-05,0.0003649780943594305
g__AKYH767,7.465811733200548e-06,0.00028253953064494113
g__Nitrospira,2.250170974395349e-05,0.00048064433002377726
g__Devosia,9.5274496648902e-05,0.0030706812135696216
g__Desulfovibrio,4.833271178438102e-05,0.0009253282634433058
g__Treponema,0.0012992456940515602,0.008310774643267292
g__Clostridia_UCG-014,0.0007630210748631149,0.004033881629915329
g__Paludibaculum,1.216059465851861e-05,0.0014265686673481186
g__Paludibacter,1.9372291879206565e-05,0.0005582316548064484
g__B1-7BS,1.9149731571560262e-06,7.590964110415713e-05
g__Roseomonas,0.00010278371434802422,0.0028303107004234124
g__Candidatus_Jorgensenbacteria,2.2993284438685502e-06,0.00012510837776423035
g__Acidothermus,2.6781916203183786e-05,0.0010227526004271052
g__NS9_marine_group,2.0191667035648942e-05,0.0009407070784040917
g__Massilia,0.0009987805724400993,0.01848204133382585
g__Aridibacter,1.8036213423116938e-06,0.0001657454439941246
g__Subgroup_11,9.543468355471364e-07,3.985927510267677e-05
g__Kapabacteriales,2.5004374344099958e-05,0.0017282818951346085
g__Vermiphilaceae,1.650302510171658e-05,0.000995816277476137
g__Geobacter,4.580865452011064e-06,0.00022088805298240848
g__Lineage_IIa,4.518788770268707e-06,0.0001633697464816805
g__Aquicella,1.2364892107393685e-05,0.0005729220318320785
g__MBNT15,8.890696540939169e-06,0.0002541475500023223
g__Bryobacter,4.374153992365348e-05,0.000793998739723494
g__Vicinamibacteraceae,5.0822102113798654e-05,0.001508761230824488
g__Lineage_IIb,4.7806186249953935e-06,0.00026789203715129483
g__Sphingomonas,0.002160483090757719,0.01951100130119295
g__Schlesneria,2.0100816473554467e-05,0.0011934995149969331
g__OM27_clade,9.308689284889004e-06,0.0010671551219333573
g__Nannocystis,5.22069292952807e-06,0.0002277858747796481
g__Algoriphagus,5.872780347539922e-06,0.0003329399944299358
g__Thiobacillus,1.651848868491201e-05,0.0003148385808724442
g__Akkermansia,0.00043114088623152376,0.006643964036359379
g__Occallatibacter,2.0563073730075467e-06,0.00012201711654403608
g__Arenimonas,2.0283908405635424e-05,0.0019122073384852981
g__Ralstonia,0.003540537553568258,0.03061992104776042
g__Parabacteroides,0.00029206683951924617,0.006930270669050718
g__Candidatus_Solibacter,2.5267506344083728e-05,0.0008281702749489372
g__Dialister,0.0006891930022322968,0.004068700697742311
g__Selenomonas,0.0021816514190982064,0.008793041498385116
g__Campylobacter,0.0029567558874619166,0.009885363834659867
g__Anaerolinea,2.690963206347988e-06,9.947216979457292e-05
g__Candidatus_Adlerbacteria,2.8976577673606146e-06,0.0001307430807187787
g__Candidatus_Udaeobacter,2.3176418327710657e-05,0.003286073792846998
g__Aggregatibacter,0.0009472470037851197,0.008597842139830532
g__Lysinibacillus,2.4086379981693662e-05,0.0015054088315166311
g__Nonomuraea,2.9950301540142243e-06,0.0003694802692693691
g__F0058,0.000253891143034334,0.004473482697154456
g__Candidatus_Magasanikbacteria,1.6448631275359178e-05,0.0006100107878092502
g__Dojkabacteria,3.686845840373169e-06,0.00014751506499702304
g__Staphylococcus,0.08262997278649056,0.2054733013309931
g__Allorhizobium-Neorhizobium-Pararhizobium-Rhizobium,0.0005645724961550156,0.008827249278513546
g__Veillonella,0.044820761015167056,0.07946760906444013
g__Romboutsia,0.00018440432355800864,0.0037874640952081278
g__Sericytochromatia,1.4733553928627133e-05,0.0004561851299012779
g__Ferruginibacter,2.3840290468871644e-05,0.0005548984002730037
g__Candidatus_Peregrinibacteria,4.619700302802605e-06,0.0004103587904572869
g__UCG-005,0.0001045073222553057,0.0018567538519340134
g__Olsenella,9.101966113171719e-05,0.0018310056675588035
g__Cupriavidus,0.00026817888428845983,0.0066305741587910465
g__Geobacillus,0.0003082091552979431,0.009234812633855945
g__Bacteroides,0.001669777010537403,0.01573204489276694
g__Deinococcus,0.0002010609921168988,0.006380709613106851
g__Gracilibacteria,0.00017032629537181034,0.0026246865740961116
g__R7C24,6.742765513218648e-06,0.00030564486435648763
g__Corynebacterium,0.06927336299601712,0.16408421126204384
g__Lineage_IV,8.992040779751303e-06,0.000368296702965442
g__Clostridium_sensu_stricto_1,0.00024056729656533708,0.006053005010712646
g__A21b,2.629074363240806e-06,0.00010896480480074835
g__cvE6,6.999607460834073e-06,0.0003979464645456871
g__HSB_OF53-F07,9.969465207144426e-06,0.0004774272560724808
g__WD2101_soil_group,1.788329323052361e-05,0.000627037348851845
g__HOC36,1.1764603068672754e-06,5.1087167545346284e-05
g__Collinsella,8.178925802455913e-05,0.001437831746537466
g__Terrimonas,1.699691558049081e-05,0.0004526595088389094
g__Pseudolabrys,4.774116210990815e-05,0.005649775233663022
g__Paeniclostridium,9.833339054938765e-06,0.0005331589251569346
g__Coprobacter,1.7325111704814967e-06,9.403869279477827e-05
g__Peptococcus,0.00016574304374550964,0.001397714548968323
g__Gardnerella,0.0002732575533197458,0.007842463281011337
g__Parasutterella,4.3048370908162486e-05,0.000797591890024229
g__Methanobacterium,4.468706916658883e-06,0.0002859501257102823
g__Herbaspirillum,0.0010157101947436374,0.01604400949476684
g__JG30-KF-CM66,4.805542446148862e-06,0.00018123170911308714
g__LWQ8,1.4025023907636987e-05,0.00037438102442851034
g__NS11-12_marine_group,6.301513085171983e-05,0.0016339770871204456
g__Exiguobacterium,8.882306731465645e-05,0.002737581350757333
g__Kocuria,0.00036952019661898615,0.0055320178276542
g__Lacunisphaera,7.464277668637486e-06,0.000581719790374614
g__Pseudomonas,0.04356168133898267,0.15823635204240036
g__Butyricimonas,7.69775659762608e-06,0.0002135631602373361
g__Edaphobaculum,4.569158985947551e-05,0.002505396793890378
g__SWB02,6.486949786627573e-06,0.00024510751649931223
g__Propionivibrio,1.912657734546889e-06,8.88900001874354e-05
g__Parvibacter,1.925298292460322e-06,7.791378391852727e-05
g__Rubellimicrobium,7.967506981989933e-05,0.0015488677113456213
g__Blautia,0.00040712579503066174,0.005780910283648147
g__Omnitrophales,6.194817509554586e-06,0.00038243431661825615
g__Lachnoclostridium,0.00011258436897807215,0.0023167278754345016
g__Gordonia,3.5047913809263154e-05,0.0008036037759316375
g__Rikenellaceae_RC9_gut_group,0.00019786044201645643,0.0021990724633510843
g__Candidatus_Azambacteria,8.635669677579247e-06,0.00038367684770202707
g__Mucilaginibacter,3.0354056594692628e-05,0.0007901372556382242
g__CPR2,4.033603545492623e-06,0.0002192481599773405
g__0319-6G20,0.00014055678540638906,0.0038499637942140163
g__Legionella,8.803755695163238e-05,0.0023045720342823725
g__hgcI_clade,4.861891720345401e-05,0.0012343182113805252
g__Parasegetibacter,7.154757710788023e-07,3.3094468575855734e-05
g__Cyanobium_PCC-6307,1.1317646314638227e-05,0.000704458409203805
g__Limnochordaceae,7.005751576161898e-06,0.0002893490825480304
g__Muribaculum,1.6400643327050213e-05,0.0004655115319171259
g__UBA12409,2.5931838167562e-05,0.0018727648252861
g__Allobaculum,1.4073900024549564e-05,0.0007583046390619663
g__UCG-010,2.8428493214333015e-05,0.0006056720376574028
g__Mycobacterium,0.0004291228601591976,0.011951967443227171
g__TRA3-20,1.8963033961605065e-05,0.0008086297153333177
g__Puia,4.51138988306997e-05,0.0013934761414793229
g__Conexibacter,1.8895062757811217e-05,0.000528820777855885
g__Ohtaekwangia,2.9506272145724545e-06,0.0002445346547383175
g__Colidextribacter,5.7622189901182546e-05,0.0010576158169974675
g__Pelomonas,0.00020202755945247932,0.004407170380737708
g__Chthoniobacter,3.6853767270190783e-05,0.0010566170762691563
g__Hydrogenedensaceae,6.62041698419326e-06,0.0005799301903979508
g__Hydrogenophaga,0.00010748307357979085,0.0018932514938458471
g__Blastococcus,0.00011366754767125903,0.0024696281872890894
g__Comamonas,0.0004254520036757585,0.006064891864132716
g__Candidatus_Xiphinematobacter,7.660432197158868e-06,0.0003113906740248589
g__Pedobacter,0.00011987264617014202,0.00258241422189897
g__4-29-1,6.2367954501395524e-06,0.00032044808157046965
g__Subgroup_17,1.1703526118733447e-05,0.0009702393239465406
g__NK4A214_group,5.749226402045932e-05,0.0018420406057370528
g__Rummeliibacillus,1.5299332593713196e-06,0.00012320703104338728
g__Oribacterium,0.0019030556052212113,0.006399172807881298
g__Psychrobacter,0.000219707690068662,0.005734071602443727
g__KF-JG30-B3,2.376621937654102e-06,8.699759565336345e-05
g__Mucispirillum,1.4841880283704414e-05,0.0005655260410135462
g__Luteolibacter,5.4759125353565996e-05,0.0022655309130426024
g__Megamonas,7.489903350751481e-05,0.0021781508444916587
g__Fretibacterium,0.00027972350254997137,0.0036188251383307375
g__Candidatus_Saccharimonas,0.00022540458494737167,0.0013729605672095073
g__Sphingobium,0.0005483460158748891,0.006618266676666991
g__Candidatus_Kaiserbacteria,3.36122761680779e-05,0.0009206226116845933
g__Unknown_Family,5.820904773661919e-06,0.0002377577816324392
g__Subdoligranulum,0.0002638843117376639,0.0038406249022097257
g__Candidatus_Yanofskybacteria,5.681620981772731e-06,0.0004152973794109092
g__Anaerotruncus,1.5031516758277776e-05,0.00048584379489978387
g__Proteus,0.0005578412659394815,0.01472014501108023
g__Lacibacter,4.636053806742453e-06,0.0004885549526185832
g__Mesorhizobium,0.0005750833856979536,0.008196813485454714
g__[Eubacterium]_oxidoreducens_group,2.7233246692338923e-06,0.0001582323550077348
g__Saccharofermentans,1.7770514955782669e-06,0.00010051117049697769
g__Paenibacillus,0.0002324248293971682,0.00788411887680825
g__SM1A02,1.217753743484226e-05,0.0005348669685498899
g__Peptoniphilus,0.0025183127454403305,0.015504781514848794
g__Rubrobacter,4.7481955471486044e-05,0.002364798315682813
g__Pelagibacterium,1.107891850256344e-05,0.0010462862787024288
g__Enterorhabdus,1.2360857554641153e-05,0.00031180284146888575
g__Rhodobacter,6.787526586126127e-05,0.002820872188057677
g__Candidatus_Obscuribacter,0.0001502169762337923,0.004061546747601285
g__Phascolarctobacterium,6.89469573181483e-05,0.0012716397900775047
g__ADurb.Bin063-1,1.1558847177780297e-05,0.0005298995565344756
g__Altererythrobacter,3.3200804943043705e-05,0.0013775735376524943
g__GCA-900066575,1.6033173873985932e-05,0.0002902889962720406
g__TM7a,2.280084720687401e-05,0.0007170153580595458
g__Alloprevotella,0.012315454367597069,0.03824427154438522
g__Reyranella,0.00020371210383356945,0.00444225349801599
g__Pajaroellobacter,5.999870632188676e-05,0.0026204942610712698
g__Mycoplasma,0.003985937276802416,0.039911876662163406
g__Luteimonas,3.3729186845013225e-05,0.0011258729997491467
g__Myroides,3.089036476587043e-05,0.002623996968172084
g__Iamia,2.9414938320218498e-05,0.0013448058933021576
g__Megasphaera,0.002821695166841947,0.009487435980979352
g__TK10,1.2935381146854838e-05,0.0003889804836781832
g__Serratia,0.0010353488532885045,0.02396480695918201
g__Streptococcus,0.17328655150385858,0.21670235952527123
g__Enterococcus,0.0035076168157563937,0.03950575180823158
g__Thauera,7.873524501309722e-06,0.00028377322492537116
g__Candidatus_Paracaedibacter,1.731413890485114e-05,0.0010411255681934844
g__Hirschia,2.2077585959858128e-05,0.000760984161154501
g__Muribaculaceae,0.0011883732082018325,0.016192295378596892
g__MND1,2.1259019882198197e-05,0.0004972846141067267
g__Clostridium_sensu_stricto_13,1.0860489566634884e-05,0.0005105182062661643
g__Erysipelatoclostridium,7.753074430239414e-05,0.0014100272899265395
g__Bilophila,1.3562457543820094e-05,0.0003592999258692228
g__Pontibacter,6.147389262237795e-06,0.00024164459316957382
g__Delftia,0.000868613703733872,0.015187101596060218
g__Peptostreptococcus,0.001099345107154407,0.005939139625751935
g__Marmoricola,2.0076538115326176e-05,0.00047596515648436134
g__Providencia,0.00018084839084448145,0.006682140329520031
g__Dadabacteriales,1.9654297477335846e-06,9.090014236104773e-05
g__Lachnospiraceae_UCG-004,7.055559311481894e-06,0.00014674739582926468
g__WCHB1-41,1.7030287585046456e-05,0.002500641985977032
g__Marvinbryantia,1.1665809856935956e-05,0.000363397971576601
g__[Ruminococcus]_torques_group,0.0001350496702224443,0.002374903255252267
g__Roseburia,0.0001150346542065255,0.0018991050909075565
g__Dietzia,6.678790459380162e-05,0.0013597677689809727
g__AAP99,3.6054592267922767e-06,0.00019424740019074907
g__NB1-j,7.879903668046682e-06,0.0003035285706365643
g__Flavobacterium,0.00213872086849843,0.02133879345034394
g__Lysobacter,3.4882674564574435e-05,0.0009247523389210009
g__Thermicanus,3.249169599284712e-05,0.0013348203201120627
g__Opitutus,7.585707260912499e-06,0.0007498603922828238
g__Clostridium_sensu_stricto_8,1.3694682298490138e-06,7.457957828694167e-05
g__Rhodanobacter,0.00029967426047491994,0.008496001032963808
g__Phenylobacterium,8.558924794517398e-05,0.0009793516756913456
g__[Eubacterium]_nodatum_group,0.0004517274771050717,0.0022322865823290825
g__DTU089,5.541422581564582e-06,0.00020357840340618803
g__Lentimicrobiaceae,3.6991177226059636e-06,0.00017329003315973837
g__Shewanella,0.00045481389123195524,0.00706487354014455
g__Dongia,8.196231686300147e-06,0.0002936960517055443
g__Odoribacter,2.550671653740736e-05,0.0006185562760240336
g__P3OB-42,1.1803198654355507e-05,0.0004384882616336342
g__Subgroup_10,1.6170078571868473e-05,0.000536987795863154
g__Vogesella,2.8028711931784924e-05,0.000656971034351025
g__SM2D12,1.8682353798150063e-05,0.0006011390090778616
g__PB19,1.2193781365520127e-06,7.881858842119155e-05
g__Emticicia,1.1657310098359966e-05,0.0007530664987082126
g__Elizabethkingia,0.00020319103805476594,0.008086159802066747
g__Nocardioides,0.00014977516872256822,0.001581750405314564
g__Bradyrhizobium,0.0007447734641621254,0.006895881615901952
g__Tumebacillus,0.00024796394085111167,0.005268167844406468
g__Defluviicoccus,4.687612610400044e-06,0.0001861367542063737
g__Subgroup_5,3.136694445758012e-06,0.00011071062578601513
g__OM190,1.7154123460458544e-05,0.0007718526709671927
g__Monoglobus,4.485111544798223e-05,0.0013426587719067606
g__Wolinella,5.176556402681511e-06,0.000727078196568747
g__Parascardovia,2.768037808738715e-05,0.0014213823157755298
g__Pseudorhodobacter,1.8936743177052609e-06,9.813951033459689e-05
g__Terriglobus,2.559505323667935e-06,0.00013279549773731507
g__Aquabacterium,0.000923287691533736,0.011048571585394757
g__OLB14,2.842562705025875e-06,0.00012899125659334148
g__Chryseobacterium,0.0009095483758553185,0.016394850725295975
g__Candidatus_Nitrosopumilus,4.8455571581201e-06,0.0008746803296841093
g__SH-PL14,3.7902695552012766e-05,0.0025992097399339803
g__Leucobacter,1.4256296544286204e-05,0.0004886017686524994
g__Stenotrophobacter,1.9036089119465664e-06,0.00010195660215189194
g__SC-I-84,3.156314378390216e-05,0.0020110608839088227
g__AD3,3.736287584834262e-05,0.0017855076508543808
g__Subgroup_22,3.9953540846705365e-06,0.00016649067597207425
g__Haematobacter,7.73146502629699e-06,0.00062768034817608
g__Magnetospirillum,4.039180357312308e-06,0.0002746442412262181
g__Candidatus_Omnitrophus,2.0136979930307094e-05,0.0013678250485072078
g__Phaselicystis,1.1745465740881625e-05,0.0012645886370812836
g__PAUC26f,2.1054651885961955e-06,9.54119330991019e-05
g__bacteriap25,1.0720876674866274e-05,0.00027932209006806464
g__Aeromonas,0.00019963961594450999,0.008180582327896214
g__Babeliales,3.0786797402980356e-05,0.0012790090133994608
g__Xanthomonas,8.436977914235318e-05,0.003133045043288588
g__Subgroup_13,3.4390310524432155e-06,0.00015025352430419542
g__C39,8.55136787337565e-06,0.0003884911555745446
g__Kytococcus,1.8513835866809037e-05,0.0009431192936825792
g__Candidatus_Nitrotoga,1.5772062360696893e-06,7.894438863996149e-05
g__Saccharimonadales,0.0003940657368829904,0.0028504354733439375
g__WPS-2,4.00375105353401e-05,0.0011598126470321465
g__Methanobrevibacter,1.0973322991469965e-05,0.0002979035590281826
g__Escherichia-Shigella,0.008019547113873704,0.06466968982832522
g__Subgroup_18,3.319729457691036e-06,0.00016046315041675336
g__A0839,1.6349458140021504e-05,0.000830818180851601
g__Methylotenera,4.4296546815523373e-05,0.0015422376416326924
g__OLB12,6.06357084489739e-06,0.0004975291310563555
g__Spirochaeta_2,6.502054477479332e-06,0.0002676230607879124
g__Flavisolibacter,1.5946681678443415e-05,0.0008789351547823293
g__Flavihumibacter,4.301003392826953e-06,0.00010172549135786681
g__Granulicatella,0.006419307478437631,0.019732532108054528
g__JGI_0000069-P22,2.2148717015407746e-05,0.0006423379847554862
g__Brevundimonas,0.0010150835424331114,0.012716515400451538
g__Isoptericola,4.1555429793529125e-06,0.00023042239994072522
g__Pirellula,5.4570763655673434e-05,0.0023463278740953183
g__Clade_Ia,4.349575073685037e-06,0.0003104179542057555
g__[Eubacterium]_brachy_group,0.0001931416614313951,0.0021767832900114422
g__Dyella,2.1407636838155788e-05,0.0008957102508252785
g__Prosthecobacter,0.00014979973920800472,0.004620151894704741
g__Candidatus_Moranbacteria,5.4778337992363e-06,0.0002615597454972953
g__Fusibacter,3.416287910995293e-06,0.0004131936541964555
g__Anoxybacillus,0.0006883627716872243,0.01643355295263983
g__mle1-7,3.732632979008956e-06,0.00014689758058496305
g__Aurantimicrobium,2.496700074729367e-05,0.0008934932279325997
g__Gastranaerophilales,4.869270124170545e-05,0.0021059730011911506
g__vadinHA49,2.6239209067594584e-06,0.0001411157401818373
g__PeM15,2.9199177551604823e-05,0.002623617372550158
g__Sumerlaea,1.6772658531220705e-06,7.867423437294054e-05
g__Vibrio,0.0003430994053761373,0.007043213399871584
g__Arthrobacter,7.183654493792945e-05,0.004247882804216816
g__Centipeda,7.584597098429034e-05,0.001424469427844144
g__Flavonifractor,1.5868162233789622e-05,0.000341109573716867
g__Ahniella,2.444960125811587e-06,0.00013262727229488154
g__Nevskia,2.01700914536954e-05,0.0009088253104580987
g__Solibacillus,8.340327121608315e-06,0.00043365999418184696
g__mle1-27,1.7603907229130424e-05,0.001545844780037687
g__Hymenobacter,9.957906770103417e-05,0.0020236402044846546
g__Leptolyngbya_PCC-6306,1.550316142161311e-05,0.0017975852914033181
g__Eggerthella,4.239776707565364e-06,0.00012680789149848223
g__Cutibacterium,0.005834882827534779,0.03542637430358809
g__Pantoea,8.484661968549746e-05,0.006879525993079384
g__Bergeyella,0.000926922201445463,0.005874761293398466
g__Noviherbaspirillum,2.286193093895054e-05,0.0015790290185606242
g__A2,1.0849673644529684e-05,0.0004015579215008701
g__Bosea,0.0002669446094021575,0.002900755865355068
g__Chelatococcus,5.757533600791023e-06,0.0008450693455018854
g__Dysgonomonas,2.3567482282991754e-05,0.001113252359180694
g__Subgroup_25,1.0636946782886898e-06,4.254560731046505e-05
g__Rhizobacter,5.055157330279699e-06,0.00021659974706190533
g__Silanimonas,1.6859194486431563e-05,0.0008183471075092165
g__Bacteroidetes_vadinHA17,1.4989768708137234e-05,0.002628687674481829
g__Lachnospiraceae_ND3007_group,1.580961694669028e-05,0.0003346107628803285
g__Gordonibacter,1.1295150119176063e-06,6.486412861186932e-05
g__WWH38,1.9133524620107013e-06,8.75101753934968e-05
g__Aquisphaera,1.8127389267884026e-06,9.831840395465117e-05
g__Neochlamydia,7.729660476185701e-06,0.00036273441118829617
g__WD260,1.8070801225169647e-06,9.631409906185484e-05
g__Phaeodactylibacter,5.021649315680213e-06,0.0005513169540171563
g__Haemophilus,0.05270180201726402,0.15859912174844426
g__Streptomyces,5.8034170403424946e-05,0.002864371531319918
g__Chloroplast,0.0034501672388047044,0.026738024455623618
g__Porphyrobacter,2.60272981803767e-05,0.0021849490901968208
g__F082,1.3585558654151833e-05,0.0006611701693408378
g__Berkelbacteria,3.7913491632020535e-06,0.00018146506390321306
g__Pseudonocardia,4.0307296085173834e-05,0.0012809136623120874
g__Sutterella,3.126512017463047e-05,0.0006788506856871908
g__Tannerella,0.00048008796618959955,0.0033730758521831935
g__Slackia,3.4245742491212646e-05,0.0006309457220712204
g__Chroococcidiopsis_PCC_7203,3.781198701943471e-06,0.00029525353482672223
g__KI89A_clade,1.853367824130812e-06,8.15917695106083e-05
g__OPB41,2.588787157924504e-06,0.00024784204543418535
g__Duganella,3.241947586461102e-05,0.0006456153770292298
g__UCG-002,7.090276879125481e-05,0.0013649766502355145
g__Steroidobacter,7.525266612209412e-06,0.0005094121308798458
g__Longimicrobiaceae,7.675928173795879e-06,0.00031241063785241113
g__Pseudarcobacter,9.488319240979695e-06,0.0004561648508508516
g__Erysipelothrix,4.096012666248233e-05,0.0013324378902793473
g__Kurthia,7.42419399919517e-06,0.0009685393763778649
g__Blastomonas,7.566937398566706e-05,0.0024774113238306378
g__Sedimentibacter,1.4957646825650277e-06,0.00013340153239494376
g__Acetatifactor,4.441271733971597e-06,0.00014298979911063486
g__Anaeroglobus,0.00022896572875556355,0.004338415300643879
g__[Eubacterium]_coprostanoligenes_group,0.00015965070786708662,0.0026928003299678165
g__Agromyces,4.070253037115836e-06,0.00011889472226700539
g__Kineococcus,5.824665004494646e-06,0.000293907910657252
g__Microvirga,3.942510751794638e-05,0.0008782631223219015
g__Xanthobacter,3.375472081111296e-06,0.00019813478001315247
g__Inhella,1.3249077512364799e-05,0.0004017113459983338
g__Coprococcus,3.972741405245791e-05,0.0006340295632536367
g__Azospira,4.3237288429874736e-06,0.00029728806216477164
g__Bulleidia,5.251315698808588e-05,0.0008734351974340095
g__Bauldia,3.862190760196918e-06,0.00012672069167774373
g__FFCH7168,2.1285508079316246e-06,0.00034635238322410546
g__Candidatus_Accumulibacter,2.4018766094599906e-06,0.00011015054931904874
g__Rhodoferax,1.5811920985502114e-05,0.0009655198610136579
g__Aureimonas,1.5857829378608198e-05,0.0006495863390420458
g__Saccharimonadaceae,0.00014500663053649735,0.001497697310857356
g__Terrabacter,3.7896979272702256e-06,0.0001832596755631366
g__Chelativorans,1.915328254085852e-05,0.0006752038469832149
g__Brevibacillus,4.371127747972959e-05,0.003975072015007486
g__Halomonas,0.0017469145134198848,0.01982486198415094
g__Limnobacter,0.00024060583733038373,0.008471124020792281
g__Edaphobacter,2.146597745932923e-06,7.7460601064021e-05
g__Nitriliruptoraceae,3.904897992396176e-05,0.0003668295979526721
g__Solobacterium,0.0010506691066061707,0.008285866637417134
g__Pseudogracilibacillus,3.5866714824937245e-06,0.00040958103453070155
g__Lachnospiraceae_NK4A136_group,0.00028881902099302676,0.005175731045650405
g__Candidatus_Ovatusbacter,6.642963560836972e-06,0.00037837466117869036
g__Nakamurella,1.6832376161315717e-05,0.0004735604545245746
g__RF39,8.110894838413576e-05,0.0013755272607121852
g__Photobacterium,4.102474563431126e-05,0.002548420834845636
g__Ruminiclostridium,3.425425082725282e-06,0.00019158832394319963
g__[Eubacterium]_hallii_group,4.8985108310909855e-05,0.0008529236390808356
g__BIrii41,1.2873193248494467e-05,0.00041439335383852
g__Tuzzerella,1.234828539722895e-05,0.0007922433774757194
g__Sellimonas,1.871977217137975e-05,0.0005223393762984685
g__Ochrobactrum,0.00020696503714041968,0.007032358689606342
g__Aurantisolimonas,3.6913482921236973e-06,0.00018350978119100597
g__Pelosinus,3.354302441513715e-06,0.00021229249475830916
g__Pedosphaeraceae,1.5247359887870967e-05,0.0004199787355444027
g__Methylobacterium-Methylorubrum,0.0018484584034674527,0.01918239723722048
g__Fournierella,8.057468445482763e-06,0.00021870431348093743
g__67-14,4.6057390200720615e-05,0.001458466322595412
g__Mogibacterium,0.00026642471302667305,0.001529683048542154
g__Anaeroplasma,1.3089776551566802e-05,0.0007189659982881076
g__[Eubacterium]_yurii_group,5.448605669466757e-05,0.0005763940177526542
g__Blastocatella,1.771597842518805e-05,0.00043161549185057784
g__Brevibacterium,0.00014833763352959964,0.003356062374035482
g__Parvimonas,0.0014402614622036729,0.009676434226708226
g__Rurimicrobium,5.700148963750997e-06,0.0006387757022131998
g__Pedomicrobium,2.5485879016628492e-05,0.0016755558146783886
g__Anaerovorax,2.4639667296887385e-06,0.00013872124852934596
g__Pandoraea,3.710978113272349e-05,0.004031830468200832
g__Geodermatophilus,1.5196686283696262e-05,0.0005627872323281729
g__KD3-93,7.422696240277269e-06,0.00043729929331429233
g__Variovorax,0.00012612693805387934,0.002699966818394711
g__C0119,5.170563089969726e-06,0.00022526230422734747
g__Paracoccus,0.0005881881206074705,0.0060193166647439095
g__Bdellovibrio,0.00010359732965759467,0.0019742820151038443
g__JG30-KF-CM45,7.561601193960049e-05,0.002041646027856209
g__Dechloromonas,0.00014141107141219008,0.0036463249439166135
g__[Ruminococcus]_gnavus_group,6.406039395342006e-05,0.0017151971081309164
g__Woesearchaeales,0.00041732931863349966,0.013465240245670243
g__Ileibacterium,1.8550780372296192e-05,0.0010636983146943843
g__Armatimonas,8.773115426794954e-06,0.0004404631710142992
g__S085,8.607925845443469e-06,0.0006550008030094019
g__Family_XIII_UCG-001,1.7987808072759235e-05,0.00020283330063327893
g__Gemmata,4.272539363556273e-05,0.003261740068981572
g__Allisonella,4.753935241639441e-06,0.00023227146677037575
g__Ruminococcaceae,3.1801163385073994e-06,0.00012087265806039324
g__Alistipes,0.00021944301481097807,0.0029710541177219406
g__Paenarthrobacter,1.161455373659962e-05,0.0003260382008605076
g__Candidatus_Zambryskibacteria,2.1660789952604783e-05,0.0008032650169844265
g__RB41,2.3255088815929285e-05,0.0012175940736177302
g__BD7-11,2.219431478464245e-05,0.0015471040474771922
g__Oceanobacillus,8.213629848278719e-06,0.0006056351948748127
g__Intestinimonas,7.5957863442745824e-06,0.00022857343878871812
g__Fusicatenibacter,7.666673782678041e-05,0.001354467519569338
g__Lachnospiraceae_UCG-006,1.303988797897773e-05,0.0005496520384018088
g__Faecalibacterium,0.0006579028063632583,0.007597610630022239
g__S0134_terrestrial_group,5.144508994711661e-06,0.00020743060336309517
g__Candidatus_Berkiella,2.9450667746015907e-06,0.00017506431137720755
g__Holdemanella,6.520964415880365e-05,0.0019555974762133104
g__Tsukamurella,9.64031463772493e-06,0.0012390662962924015
g__Dechlorosoma,2.458874115137183e-06,9.47660310382527e-05
g__Methylopila,1.5312478375983664e-06,5.316688610263142e-05
g__Lachnoanaerobaculum,0.0019784254246045315,0.006763996978299229
g__Erysipelotrichaceae_UCG-006,1.3410593309649868e-05,0.0005238437354914087
g__Phyllobacterium,0.00038787706203729594,0.010222857284594477
g__Harryflintia,7.957198276960162e-07,3.150605830228434e-05
g__Bordetella,0.00032995290299983945,0.014818795039986827
g__Panacagrimonas,1.248030192979156e-06,7.357211127886331e-05
g__Fusobacterium,0.015683683155671636,0.0457066607286666
g__p-2534-18B5_gut_group,2.8204928990334994e-06,0.00015693657945234482
g__Pseudarthrobacter,5.4179197664745836e-05,0.0019116928022586013
g__Anaerovibrio,4.529892861446888e-06,0.00026680576786250264
g__Enterobacter,0.00019933834178431718,0.009122054381354282
g__CAG-352,2.695849948293288e-05,0.0007296126535244045
g__Neisseria,0.03410677109517306,0.09109773823922669
g__Sphaerochaeta,4.0095812399012145e-05,0.0015215893038968932
g__Alteromonas,1.879435504338574e-06,0.0001677842492022663
g__Salinimicrobium,8.109632212874047e-06,0.0011393307838415455
g__Anaerostipes,7.361706308674901e-05,0.0014741313189611926
g__Peredibacter,3.0515122679207144e-05,0.0007860034844108571
g__Pseudoclavibacter,2.2517727787991448e-05,0.0029464899773658584
g__Oligoflexus,8.68127164295167e-06,0.00040533125696884143
g__Acinetobacter,0.008001272257043501,0.05032315114840173
g__Ellin6067,1.5992206617943013e-05,0.0003748794841128943
g__Vagococcus,8.55133114106916e-06,0.0005595478641016255
g__Agathobacter,0.00014160532521474378,0.0036764056981749946
g__Pseudoxanthomonas,7.900215885973618e-05,0.002556704301267805
g__Caulobacter,0.0005572432432809938,0.00727889805566824
g__Nitrosomonas,3.274983704755894e-06,0.0002041598218817577
g__Ensifer,6.821508763849974e-06,0.0004887374116204192
g__Candidatus_Nucleicultrix,1.8122171617666657e-06,0.00010475744097710336
g__Alcaligenes,0.0001092569241086285,0.00506478372056891
g__Acidovorax,0.0005071904128895009,0.007715828058554318
g__Prevotellaceae_NK3B31_group,7.449282536516306e-05,0.0026791564366382184
g__Kosakonia,3.912286257150334e-06,0.00033136265054031186
g__Turicibacter,8.511630287155863e-05,0.00384275578037059
g__Tahibacter,3.935290184756727e-06,0.00020208849161263545
g__[Eubacterium]_xylanophilum_group,2.2702498877406335e-05,0.0005313632194964994
g__Nocardia,0.00010951499341320912,0.007888211319431643
g__Eikenella,0.0003877584999676369,0.008438850973865278
g__Ezakiella,4.60267935007343e-05,0.0012615434818086676
g__Sphingorhabdus,2.5564118528794985e-05,0.0008068829693326641
g__WCHB1-32,5.817286316659683e-06,0.00024619153513318043
g__Glutamicibacter,3.1953241127812836e-05,0.0009225426281421794
g__Tyzzerella,2.02427745921763e-05,0.0005334037986159598
g__Bacteroidales_RF16_group,6.416443442454417e-06,0.00021092320215652921
g__Proteiniphilum,1.4922415626606311e-05,0.0009178108122607736
g__Rheinheimera,0.00037322443471165764,0.005694845434420415
g__Terrisporobacter,1.3270133676781041e-05,0.0006285005193285105
g__Sva0485,6.2747170958733334e-06,0.0005059349886018075
g__Chryseomicrobium,9.817638535248933e-06,0.00044316123377419333
g__Achromobacter,0.002542911229166818,0.032599613355447185
g__Gaiella,2.1218327419569754e-05,0.0005193336933954869
g__Paenalcaligenes,1.612179048142743e-06,9.614294385218288e-05
g__Catonella,0.0004518274511292703,0.0019710751089192387
g__Spirosoma,2.5507048097398346e-05,0.0007000820521518024
g__Anaeromyxobacter,9.417246128960032e-06,0.0003692892221625669
g__IMCC26256,3.0145756819513394e-05,0.0010521037091281626
g__Enhydrobacter,0.0006982108257979592,0.007044681119510974
g__Roseateles,1.4385174809150291e-05,0.000802920371849399
g__Brachybacterium,9.105402534420608e-05,0.00148705842875951
g__Solirubrobacter,2.5207830181293563e-05,0.0005588144516312781
g__Sediminibacterium,0.00013927901670513038,0.0027651899550785925
g__[Ruminococcus]_gauvreauii_group,1.8132165659713573e-05,0.0004885489053146339
g__Ramlibacter,8.581083087025198e-06,0.0002280428276169904
g__Howardella,2.0025880593537446e-05,0.0002652078683696
g__Johnsonella,0.00022140108241533755,0.001897811588283975
g__Ruminococcus,0.0001351139253448101,0.002190848263147961
g__Desulfomicrobium,2.550345772756342e-06,0.00013143508822340165
g__BSV26,5.2927028233905795e-06,0.00024809383507577113
g__Morganella,0.00018662225646370236,0.009815668059082851
g__Nitrosospira,6.744952319443141e-06,0.0005090052521211909
g__Cnuella,1.52732301835666e-05,0.0011396584297470513
g__Garicola,4.239066736060582e-06,0.0004139212453396744
g__Chroococcidiopsis_SAG_2023,1.913742510834094e-05,0.0015046162500343152
g__Modestobacter,2.9406935306714432e-05,0.0009747461743814058
g__Aliterella,3.147633196714022e-05,0.002237462216313189
g__Thermus,0.0016160755656255141,0.024502814600668478
g__Citricoccus,3.8992216572210264e-06,0.000245169011249526
g__Acidiphilium,1.182394516566446e-05,0.0004552601936790447
g__Actinoplanes,1.2864832340078057e-05,0.0011046097316222238
g__Microlunatus,6.943912396742155e-06,0.00032929187625433906
g__Alysiella,4.5337678523951824e-05,0.0006719379282188364
g__Hydrogenophilus,3.7917361844654184e-05,0.001175511193596102
g__W5053,1.695103642499631e-05,0.0007115061442203653
g__Jonquetella,1.2231422280025651e-05,0.0005941332461772606
g__Pseudopropionibacterium,3.417272101544431e-05,0.0005755007637990824
g__Fibrella,3.185275205930755e-06,0.000220770903366953
g__ASF356,9.731267743986255e-06,0.0002506675218999579
g__DNF00809,1.4355286877636295e-05,0.002855276350795637
g__Erysipelotrichaceae,2.968627985453946e-06,0.0001721863188097941
g__Carnobacterium,3.198385191075498e-05,0.0012630880709483879
g__P5D1-392,0.0002774435789198269,0.0018564730527845853
g__Kingella,0.00026913870394152886,0.004453347726923894
g__Eggerthia,1.7220254956664648e-05,0.00045401861496233923
g__Rahnella1,1.9418682627817587e-05,0.002402225494376051
g__Sneathia,0.00022639667310477972,0.007011016852957787
g__Arcanobacterium,4.466753352800116e-06,0.000226994887995611
g__Negativicoccus,7.244604384385761e-05,0.0009737325427256662
g__Pyrinomonas,5.253285025385091e-06,0.0006063239339644582
g__Eremococcus,7.488464436341831e-06,0.00028037894398949006
g__Caldicellulosiruptor,3.2550281835405855e-05,0.0005124244883175146
g__Calothrix_PCC-6303,4.602593147355722e-06,0.00021600808158380523
g__Caldibacillus,4.391572792660217e-06,0.0003249450319767206
g__Candidatus_Alysiosphaera,8.181823721773718e-06,0.00025960438241909225
g__Arcicella,1.2279432098023463e-05,0.000429357417791748
g__Pannonibacter,2.615076182007866e-06,0.00013581412266978606
g__Tessaracoccus,4.452563978576153e-06,0.0002687088261677867
g__Amaricoccus,3.7201406490835267e-05,0.001893449683046996
g__Friedmanniella,1.7240933618194047e-05,0.0006644645987967794
g__Dermabacter,3.614122696903368e-05,0.000845956008601724
g__PMMR1,1.395479708497659e-05,0.00025429235723164545
g__Rickettsiella,1.5168794789194334e-05,0.0007743303249955289
g__Thermoanaerobacterium,0.00020476308463361078,0.00209195359387289
g__Kineosporia,2.097975450580233e-06,0.00020082106601167609
g__Aeribacillus,1.1010698969343066e-05,0.0003572128333393599
g__Oceanivirga,1.2127196177621473e-05,0.0007160224911511714
g__Faucicola,7.3390322188327496e-06,0.0004328811872392016
g__Cellulosilyticum,1.981907882071912e-06,0.0001534883410286635
g__Pasteurella,0.00023517539780464536,0.0111171407855322
g__S5-A14a,6.308415072316764e-06,0.000235966402816893
g__Turicella,0.00011506128193814601,0.003271356025762379
g__Collimonas,4.478388056120446e-06,0.00018760098932367258
g__Marinobacter,5.54213522528275e-06,0.0005752792164763974
g__Pseudarcicella,9.956017308046455e-05,0.0027264899805550455
g__DSSD61,6.757057723717583e-06,0.0002481551185021098
g__Alloiococcus,3.6541596922653845e-05,0.0010187820033137427
g__Sporichthyaceae,7.573867165740021e-06,0.00026991959672064905
g__Alkanindiges,2.7579048943557016e-05,0.0012515156660701974
g__Fluviicola,0.00011962631155357165,0.002853561787793872
g__Herminiimonas,8.632431695670032e-06,0.0006871479997743113
g__Varibaculum,1.682713725172851e-05,0.00031597917868062187
g__Candidatus_Methylopumilus,3.912092385912761e-06,0.00027505410489323564
g__Rhodoluna,5.03406835759135e-05,0.002139453400398146
g__Verticiella,2.854094038996422e-06,0.00024932777166528796
g__Adhaeribacter,1.4412888998766538e-05,0.0006077395751367255
g__CHKCI001,1.364914193363868e-05,0.000538345040195473
g__Rhizorhapis,9.785618604936515e-06,0.0004279716311844928
g__Polaromonas,1.6945079125163993e-05,0.0008413641028693083
g__Caenarcaniphilales,7.220515315486078e-06,0.0005486929199523616
g__Novispirillum,8.6520039106286e-06,0.00012463073044580308
g__DEV007,1.1727903788655635e-05,0.000656894300267973
g__Meiothermus,8.20491118584409e-05,0.0010148454024007949
g__Candidatus_Aquiluna,8.211922651945124e-05,0.0030943829651917357
g__Ureibacillus,2.9259757162500577e-06,0.00020371072650529726
g__Trueperella,2.6243923920061166e-06,0.00028430806245277417
g__Deep_Sea_Euryarchaeotic_Group(DSEG),1.7893177956410136e-05,0.0006140806819530056
g__Candidatus_Planktophila,5.210655474904496e-06,0.0002781992891327494
g__Paraclostridium,1.1228478629492824e-05,0.0009147196964481283
g__possible_genus_04,5.772937449836245e-06,0.000762522002387888
g__Desemzia,1.0136140344927031e-05,0.0006444931771865063
g__Endobacter,5.618136234836561e-06,0.0006149348451458041
g__Segetibacter,1.0485349148756372e-05,0.0004312116633317468
g__Frederiksenia,4.082230734878953e-06,0.0001896534397210388
g__Polymorphobacter,5.110143119500684e-06,0.00021651220372785073
g__Giesbergeria,9.942570170693475e-06,0.0003911033388936433
g__IS-44,2.714261852088631e-06,9.313209314350414e-05
g__Cellulosimicrobium,0.0002727456128570923,0.014149894500121317
g__Planifilum,2.1136595328106473e-06,0.00012415953385366523
g__Salinicoccus,2.218695222053727e-05,0.0009045002756859555
g__Aquipuribacter,1.2075238884854944e-06,5.672710483729642e-05
g__Amycolatopsis,2.363919167108344e-06,9.44367076165532e-05
g__Luteibacter,1.0595897366349954e-05,0.0005220184232284092
g__Sarcina,3.089970481223013e-05,0.0038189900228197482
g__Hydrotalea,3.162444803706212e-05,0.0017784888697580635
g__Skermanella,6.312476682043892e-05,0.0034514617842812943
g__Chlamydia,6.25203367364276e-05,0.004429599875319651
g__Nosocomiicoccus,2.6448946233135044e-05,0.0008834907188971025
g__Simonsiella,1.689292996594264e-05,0.00047060852167745836
g__Knoellia,1.472643984002024e-06,6.182359919900432e-05
g__Bryocella,2.816508979155475e-06,0.0002589528884889678
g__Filobacterium,0.00011765749372583577,0.007163598419669906
g__Klenkia,1.8725100356155197e-05,0.001229566768632006
g__Helcococcus,0.00013196356668180708,0.0027100053995270518
g__Yaniella,3.257877661777072e-06,0.00039377849384790046
g__Paeniglutamicibacter,4.40615229641026e-06,0.00040504176169476556
g__Afipia,0.00027105119594896914,0.006450667812888509
g__Acidocella,4.9136636736495586e-05,0.001362668056075947
g__Facklamia,3.0382001256123743e-05,0.0011844071161800029
g__28-YEA-48,1.4429868224592816e-06,9.462753746164965e-05
g__CL500-3,1.1549997608987842e-05,0.0007108929545224825
g__Janibacter,1.1675159028169498e-05,0.0005036281594523855
g__Actinotignum,3.1734854417991373e-05,0.0014716855654796754
g__Alkanibacter,1.267034780357242e-05,0.0005144002422266957
g__Auricoccus-Abyssicoccus,1.8972788610046565e-05,0.0010208045643811195
g__Sandaracinobacter,8.013026102035075e-06,0.0007478667821024207
g__Pseudoglutamicibacter,9.627243042244377e-06,0.0008088884245562516
g__Angustibacter,3.300469553419321e-06,0.00023716694025742343
g__Rubrivirga,2.5323847056653147e-06,0.0001299915834152886
g__Sulfurospirillum,2.380506982908404e-06,0.00015270151408403192
g__Thermoactinomyces,4.392103131062234e-06,0.00021723042433750733
g__Williamsia,2.1977313175024304e-05,0.002378216328832951
g__Virgibacillus,2.8195061538418907e-06,0.00018471421443139343
g__Micromonospora,6.294415397545201e-06,0.00026077313952728567
g__Hafnia-Obesumbacterium,5.796182268876756e-05,0.005221216258771183
g__Rubritepida,1.8345485945988975e-06,0.00014174596437667035
g__Cereibacter,8.050788315312487e-06,0.0015022803721558566
g__Enteractinococcus,4.522608658857846e-06,0.00032891129920942507
g__Gitt-GS-136,7.411815605610738e-06,0.00019389878064885802
g__AKIW781,8.560370292938239e-06,0.0004508643401171614
g__Moryella,2.1587636578995095e-05,0.0010158602498579541
g__Terrimicrobium,4.8548563048095015e-06,0.0002763088556045128
g__Marinomonas,3.0579260784947876e-05,0.002002491697366882
g__Acetoanaerobium,2.7548359219073054e-05,0.000935291800914589
g__Psychromonas,3.361087197367849e-05,0.0023346178421153915
g__Truepera,2.7959850905409763e-05,0.0010842279993303835
g__Trichococcus,1.6887602719819467e-05,0.0018499160312616305
g__Psychrobacillus,2.956425029127925e-06,0.00016147975348166488
g__Alkalibacterium,3.6393814779644617e-06,0.0001930634323325148
g__Nocardiopsis,5.604750312264589e-06,0.0005186586631069871
g__Brachymonas,1.5567643245359282e-06,0.00011074375263107054
g__Aenigmarchaeales,1.527588192952559e-05,0.0010747367147167185
g__Aerosphaera,3.5147040374588137e-06,0.0004942383494398296
g__Erythrobacter,3.0348110855626273e-06,0.00018542104007533046
g__Kaistia,1.3814304013646082e-06,6.517491133603196e-05
g__Rodentibacter,1.5985784943897356e-05,0.0013061967747897444
g__Sphaerotilus,1.1899193784781481e-05,0.000526893472814781
g__Saccharomonospora,3.678010854904134e-06,0.0005863527560998099
g__Pectobacterium,8.114683584627257e-06,0.001249791464513152
g__Qipengyuania,4.766661654654036e-06,0.00016585944833919292
g__Gulbenkiania,5.674468528758661e-06,0.00026691614617683
g__Ornithobacterium,8.090056509183716e-05,0.0033355207143025796
g__Scytonema_UTEX_2349,3.8748516833972205e-06,0.00023988947317863966
g__Globicatella,1.4895853779931155e-05,0.0006464406477082608
g__Listeria,9.054624170364778e-05,0.003536072972556843
g__Corynebacteriaceae,2.9189300602395404e-05,0.004062155148514529
g__Shinella,1.5981249244722665e-05,0.00030103311074852605
g__Flectobacillus,2.2877803204604174e-05,0.001012812231735335
g__Thiopseudomonas,1.2339587124005523e-05,0.000863939772715729
g__YC-ZSS-LKJ147,2.6730906241979954e-06,0.0001877137657013249
g__Lacihabitans,7.115852226625965e-06,0.00037200739790018924
g__Marinimicrobia_(SAR406_clade),6.566186270303067e-07,9.050569353737988e-05
g__AEGEAN-169_marine_group,2.0111063108874226e-07,2.861143197452507e-05
g__SAR86_clade,5.839057674853321e-07,5.224664633557404e-05
g__SAR202_clade,2.3229909389669974e-06,0.0001302957852195669
g__Clade_II,6.924750602426732e-07,0.00010593532681933162
g__Marine_Group_II,4.847886185582825e-06,0.00046050949169546235
g__Clade_Ib,5.535371407134839e-07,8.894344058024533e-05
g__Clade_IV,9.154671200136393e-08,1.7697773381396786e-05
g__EPR3968-O8a-Bc78,2.7219438416182513e-06,0.00016516580528855662
g__Blastopirellula,5.2455104459330005e-06,0.0004281517992480277
g__Candidatus_Actinomarina,6.589839579621525e-07,6.133321777223283e-05
g__Sva0996_marine_group,9.314114225566023e-07,7.30232786174976e-05
g__Prochlorococcus_MIT9313,1.7997674177259153e-06,0.0003119323964773663
g__BD2-11_terrestrial_group,5.955990291324711e-06,0.0004757494398738631
g__NS5_marine_group,6.272397348525789e-07,8.782819795425656e-05
g__SAR116_clade,3.254780412483105e-07,3.902712373085954e-05
g__Nitrosopumilaceae,2.601484665956672e-06,0.00016593528221446878
g__Methylophaga,2.331520176436132e-06,0.00027716684368135505
g__Subgroup_21,1.6323934758351435e-06,7.781189189074545e-05
g__Rhodopirellula,5.5402459989377e-06,0.0002803759551484727
g__Quadrisphaera,1.1470360231709407e-05,0.0006157046834856302
g__Pseudohongiella,1.243022723723437e-06,0.0001006444004790763
g__Synechococcus_CC9902,3.9056063931952906e-07,3.8144446835243705e-05
g__Woeseia,1.0792291882039573e-05,0.0006612003987155043
g__Sulfitobacter,1.4008173589331932e-06,0.0002642766987716843
g__Colwellia,1.150522543908841e-06,8.308122947390269e-05
g__Nitrososphaeraceae,9.84392168868407e-06,0.0012284748535978233
g__Azospirillum,0.00012077209070273524,0.0015310387141273727
g__Ga0077536,1.0049305121113146e-06,6.430014440166358e-05
g__Solirubrobacteraceae,3.577885957849288e-06,0.0002768222978345713
g__Aliihoeflea,5.862994003427415e-06,0.00048672156142857937
g__Pseudokineococcus,1.8160595794439993e-06,8.365938774780617e-05
g__KCM-B-112,5.1243885427193205e-06,0.0010694392414960937
g__Candidatus_Jidaibacter,3.766227456600101e-06,0.0001866809041385677
g__Methylocella,2.930644609374195e-06,0.0001891277597452584
g__Conchiformibius,9.07185027089203e-06,0.0005612616383379763
g__Polycyclovorans,1.5293427031022887e-06,6.338997575002204e-05
g__Rathayibacter,6.515133323863361e-06,0.00019319373325765875
g__Niveispirillum,6.6976584982551215e-06,0.0007185653006384098
g__Succiniclasticum,5.519184613211618e-06,0.0003930422863597055
g__Antarcticibacterium,2.8781932520164726e-06,0.0003881123033328236
g__Peptostreptococcaceae,2.4601676838010974e-06,0.0001325120367960214
g__Patulibacter,3.9947997181299945e-06,0.00018421125179485668
g__Thiothrix,6.829125535735285e-06,0.0006713077140246373
g__Nitrospirillum,1.2472972903436958e-05,0.0005570158853473183
g__Lachnospiraceae_UCG-003,1.7041798958468967e-06,9.588939537012167e-05
g__Sinobaca,4.153079459103118e-06,0.000391197792734678
g__AKYG1722,5.63841218596797e-06,0.0006531954074636307
g__Castellaniella,2.5550167129386368e-05,0.0010750412414518029
g__Lachnospiraceae_XPB1014_group,2.8042160569966367e-06,0.0001802841340129273
g__CCM19a,5.433656239800096e-06,0.0005105024815113836
g__Pleurocapsa_PCC-7319,2.7371014081815323e-06,0.00016459461193595
g__Nibribacter,2.1489533256041052e-06,0.00013802684051654953
g__Aliicoccus,5.529435674992826e-06,0.0002842474445425537
g__Acetobacter,1.5958675094435807e-05,0.0016309889454752225
g__Rhodocytophaga,5.050610605129773e-06,0.0003717637303098234
g__Ilumatobacter,7.773094810040622e-06,0.0004567779830328548
g__Oligella,1.3640874580288336e-05,0.0008002689444523605
g__Pleomorphomonas,2.50028176051718e-06,0.00019855531906753774
g__Thermosinus,0.00011478841782505216,0.0026053258467130884
g__Marinococcus,3.848974276015673e-06,0.0002752282539900847
g__Luteitalea,4.8667068096803334e-06,0.00022858896962327618
g__JG30-KF-AS9,1.474924213483567e-05,0.000886123692007182
g__Salipaludibacillus,1.5878254358331133e-05,0.0005439499338104434
g__Aliivibrio,1.4260659903009879e-05,0.0018164065445599262
g__Fervidobacterium,0.00010615917606389955,0.0015928067491669166
g__Acetomicrobium,4.390252684120312e-06,0.00014696071373635096
g__Coprothermobacter,5.828890966032912e-06,0.00018015865841562056
g__Tetragenococcus,8.311603267491174e-07,5.0466904658377684e-05
g__Pseudoflavonifractor,9.99878586506585e-07,3.5884249539411274e-05
g__Caproiciproducens,1.5510434213738436e-06,0.00013675573633251478
g__Dactylosporangium,1.209373802293846e-06,4.9495091422546026e-05
g__Hyphomonas,2.4509789441688113e-06,0.00010559360820761119
g__Tardiphaga,9.2153630767468e-06,0.000508188831143721
g__Rudaea,5.345243790600659e-06,0.00021828249211628545
g__CHKCI002,1.34859627413168e-06,4.162006928179159e-05
g__IMCC26207,1.5536269562399784e-05,0.0008006363078067357
g__Alicyclobacillus,4.722740400696789e-05,0.0007515959573170043
g__Ammoniphilus,2.0267770594968137e-06,0.00011966518706912487
g__Anaerobacillus,0.0006214343450689631,0.011790124399763412
g__Ethanoligenens,2.467444021455947e-06,0.00021611940030445896
g__Flaviflexus,4.7994472471278665e-06,0.00032347520057861496
g__UKL13-1,4.734272813509683e-06,0.000243598663818071
g__Hansschlegelia,1.7486999200119794e-06,5.2766560057870146e-05
g__KF-JG30-C25,4.5317384455219745e-06,0.0002435007020819678
g__Geminicoccus,2.338903301915479e-06,8.44039673044401e-05
g__Acidaminobacter,1.032862466884129e-06,5.9659950457563415e-05
g__Mobilicoccus,3.435628902405285e-06,0.0005331731037946547
g__Tepidicella,6.714836234271278e-06,0.0004280518128926333
g__Fructobacillus,2.313317050119042e-06,0.0001663715995011175
g__Taonella,6.069854141986745e-06,0.0003852248322457546
g__Suttonella,3.461781933902485e-05,0.0016345466453443554
g__Cohnella,4.41709299602712e-06,0.0003167517930816143
g__Psychroglaciecola,2.938725810228495e-06,0.00012057343843948586
g__Nodosilinea_PCC-7104,1.856024447626578e-06,0.0001415924879935797
g__Longimicrobium,3.146086693364058e-06,0.00016215196248298185
g__Candidatus_Nitrocosmicus,2.181028618633854e-06,0.0001144396024305862
g__Chthonobacter,2.3586991382373996e-06,0.00012961033497825754
g__Vicinamibacter,3.192883109166275e-06,0.0002819346732563653
g__Schumannella,8.992037561600362e-06,0.00018429817245420115
g__Arsenicicoccus,3.16923336314835e-06,0.00024137137751185515
g__AKAU4049,2.675629892576361e-06,9.699218307970458e-05
g__Gluconobacter,6.768616911698553e-06,0.0009695111442120744
g__Ornithinicoccus,2.091780398586296e-06,9.8298937660607e-05
g__Nordella,4.181556826635191e-06,0.0001065682883492349
g__Wolbachia,4.080985279825858e-06,0.0002105454203115218
g__Parviterribacter,4.486684246457433e-06,0.0007460498700409882
g__Alsobacter,1.0040098745077408e-06,6.327664439876264e-05
g__Albibacter,2.195710297271473e-06,5.8044475555062345e-05
g__Caldanaerobacter,7.837989826894785e-06,0.0002565713176693987
g__Microbacteriaceae,2.9787723567865707e-06,0.00026778011896377
g__Caldalkalibacillus,0.0006009897454297529,0.009682222045360034
g__Vibrionimonas,1.0915941589298898e-05,0.0007716006024935212
g__Kroppenstedtia,5.993859283517256e-06,0.0008911384403181939
g__GAL15,6.195122291828594e-06,0.00030042543491497794
g__Mitsuaria,2.525275617630775e-06,0.00023204272542663845
g__Caloramator,6.849394325480934e-06,0.0002788250764148496
g__Chromobacterium,0.0004950742761636238,0.011492656471933508
g__Edwardsiella,1.3145052869086125e-05,0.000831177333730703
g__Acetobacterium,3.899612456627407e-06,0.0002292288285171831
g__Sphingoaurantiacus,5.736135928439769e-06,0.00026135116250406874
g__Hypnocyclicus,2.9203117053364053e-06,0.0001712689377103894
g__Lechevalieria,1.6277163240357723e-06,8.178765547250343e-05
g__Uruburuella,8.383829335370722e-05,0.0029850515558763153
g__Nitriliruptor,6.050341699958945e-06,0.00030167110769492843
g__Hydrocarboniphaga,3.378858502076429e-06,0.00020791752210014814
g__Mailhella,1.0731827046728627e-06,8.05869778774788e-05
g__Oscillospira,2.100827864278961e-06,0.0001217786240372736
g__Yersinia,4.364698541040782e-06,0.00031364866977983915
g__Denitratisoma,1.6807601141781999e-06,6.684713982388797e-05
g__Immundisolibacter,3.268174117266795e-06,0.00012710389936701336
g__Caenimonas,1.1033130772559657e-06,6.383401996724782e-05
g__UCG-008,8.522784869960352e-07,5.104590452711086e-05
g__Thermoanaerobacter,3.1660893249236695e-05,0.0005752558696238418
g__Microvirgula,1.126449593095298e-05,0.0003334330943192447
g__Kitasatospora,2.9547115257793457e-06,0.00025702664013828915
g__Marinospirillum,4.04872947182401e-06,0.00024392735596133494
g__Candidatus_Campbellbacteria,8.25255123121669e-06,0.0003017644052511968
g__Parapusillimonas,7.319688572505659e-06,0.00025297137988191694
g__Azospirillaceae,9.100256946303726e-06,0.0008895561216324515
g__0319-7L14,1.8108052397396444e-06,5.881977742096509e-05
g__Effusibacillus,4.3184157555367196e-05,0.002473155040486745
g__Acidipila,2.430830791552607e-06,0.00010968100605744908
g__Salinarimonas,4.531054996434303e-05,0.0014762732516867872
g__Crossiella,2.12519707755251e-06,0.0001229589939371541
g__Cecembia,1.153465143063465e-05,0.000553312959226659
g__Candidatus_Planktoluna,6.483750209234041e-06,0.001043972706241038
g__Candidatus_Entotheonella,2.224029957755809e-06,9.38232014720213e-05
g__p-251-o5,2.4982894512051012e-06,0.00014002254253843473
g__Ruminobacter,1.4188455653567437e-06,0.00010706194223954145
g__Blvii28_wastewater-sludge_group,1.5139581970557436e-06,7.054826413572533e-05
g__Bacteroidetes_BD2-2,3.5000586802691263e-06,0.00044270155859638154
g__Thermodesulfovibrio,2.1421444257298565e-05,0.0003999671286516527
g__Coprobacillus,1.2719418013635865e-06,7.914323387132188e-05
g__Chujaibacter,4.210906043184532e-06,0.0002696268455301042
g__Papillibacter,8.922422926922937e-07,4.224083860107374e-05
g__Tannerellaceae,2.4178527241494803e-06,0.0001691455805176772
g__Sporichthya,3.0616742695396735e-06,0.00017814372530725227
g__Sphingosinicella,3.080181535554617e-06,6.304022828332933e-05
g__Salinivibrio,3.7989661838306366e-05,0.0008692844630693386
g__Aquaspirillum,3.4718322020296835e-06,0.00016230712742102354
g__Methylibium,1.2521753457233857e-06,3.902807313001039e-05
g__Austwickia,1.0877429140449961e-05,0.00046893382855455753
g__Oceanotoga,1.0860874012492406e-05,0.0005318150400397249
